Genre	Category	Country Name	Country	Area 2	Area 1
aussie drill	electronic	Australia	au	Oceania	Oceania
aussie emo		Australia	au	Oceania	Oceania
aussietronica	electronic	Australia	au	Oceania	Oceania
australian alternative pop	pop	Australia	au	Oceania	Oceania
australian alternative rock	rock	Australia	au	Oceania	Oceania
australian americana		Australia	au	Oceania	Oceania
australian comedy	pop	Australia	au	Oceania	Oceania
australian country	traditional	Australia	au	Oceania	Oceania
australian dance	dance	Australia	au	Oceania	Oceania
australian electropop	electronic	Australia	au	Oceania	Oceania
australian garage punk	rock	Australia	au	Oceania	Oceania
australian hip hop	hip hop	Australia	au	Oceania	Oceania
australian house	electronic	Australia	au	Oceania	Oceania
australian indie	indie	Australia	au	Oceania	Oceania
australian indie folk	indie	Australia	au	Oceania	Oceania
australian indie rock	indie	Australia	au	Oceania	Oceania
australian indigenous		Australia	au	Oceania	Oceania
australian metalcore	metal	Australia	au	Oceania	Oceania
australian pop	pop	Australia	au	Oceania	Oceania
australian post-hardcore	metal	Australia	au	Oceania	Oceania
australian psych	rock	Australia	au	Oceania	Oceania
australian r&b	r&b	Australia	au	Oceania	Oceania
australian reggae fusion	hip hop	Australia	au	Oceania	Oceania
australian rock	rock	Australia	au	Oceania	Oceania
australian shoegaze	rock	Australia	au	Oceania	Oceania
australian singer-songwriter	pop	Australia	au	Oceania	Oceania
australian ska		Australia	au	Oceania	Oceania
australian talent show	pop	Australia	au	Oceania	Oceania
australian trap	dance	Australia	au	Oceania	Oceania
australian underground hip hop		Australia	au	Oceania	Oceania
brisbane indie		Australia	au	Oceania	Oceania
melbourne bounce		Australia	au	Oceania	Oceania
melbourne bounce international		Australia	au	Oceania	Oceania
melbourne indie		Australia	au	Oceania	Oceania
polynesian pop		French Polynesia	pf	Oceania	Oceania
tahitian		French Polynesia	pf	Oceania	Oceania
auckland indie	indie	New Zealand	nz	Oceania	Oceania
kiwi rock		New Zealand	nz	Oceania	Oceania
nz christian		New Zealand	nz	Oceania	Oceania
nz hip hop		New Zealand	nz	Oceania	Oceania
nz indie		New Zealand	nz	Oceania	Oceania
nz pop		New Zealand	nz	Oceania	Oceania
nz reggae		New Zealand	nz	Oceania	Oceania
afghan pop		Afghanistan	af	Middle Eastern	Middle Eastern
classic israeli pop		Israel	il	Middle Eastern	Middle Eastern
israeli hip hop		Israel	il	Middle Eastern	Middle Eastern
israeli indie		Israel	il	Middle Eastern	Middle Eastern
israeli jazz		Israel	il	Middle Eastern	Middle Eastern
israeli mediterranean		Israel	il	Middle Eastern	Middle Eastern
israeli pop		Israel	il	Middle Eastern	Middle Eastern
israeli rock		Israel	il	Middle Eastern	Middle Eastern
israeli singer-songwriter		Israel	il	Middle Eastern	Middle Eastern
israeli trap		Israel	il	Middle Eastern	Middle Eastern
lebanese indie		Lebanon	lb	Middle Eastern	Middle Eastern
lebanese pop		Lebanon	lb	Middle Eastern	Middle Eastern
palestinian pop		Palestine, State of	ps	Middle Eastern	Middle Eastern
anadolu rock		Turkey	tr	Middle Eastern	Middle Eastern
classic turkish pop		Turkey	tr	Middle Eastern	Middle Eastern
deep turkish pop		Turkey	tr	Middle Eastern	Middle Eastern
karadeniz halk muzigi		Turkey	tr	Middle Eastern	Middle Eastern
oyun havasi		Turkey	tr	Middle Eastern	Middle Eastern
sufi		Turkey	tr	Middle Eastern	Middle Eastern
turkish alternative		Turkey	tr	Middle Eastern	Middle Eastern
turkish alternative rock		Turkey	tr	Middle Eastern	Middle Eastern
turkish edm		Turkey	tr	Middle Eastern	Middle Eastern
turkish electronic		Turkey	tr	Middle Eastern	Middle Eastern
turkish folk		Turkey	tr	Middle Eastern	Middle Eastern
turkish hip hop		Turkey	tr	Middle Eastern	Middle Eastern
turkish instrumental		Turkey	tr	Middle Eastern	Middle Eastern
turkish jazz		Turkey	tr	Middle Eastern	Middle Eastern
turkish metal		Turkey	tr	Middle Eastern	Middle Eastern
turkish modern jazz		Turkey	tr	Middle Eastern	Middle Eastern
turkish pop		Turkey	tr	Middle Eastern	Middle Eastern
turkish psych		Turkey	tr	Middle Eastern	Middle Eastern
turkish rock		Turkey	tr	Middle Eastern	Middle Eastern
turkish singer-songwriter		Turkey	tr	Middle Eastern	Middle Eastern
turkish soundtrack		Turkey	tr	Middle Eastern	Middle Eastern
turkish trap		Turkey	tr	Middle Eastern	Middle Eastern
turkish trap pop		Turkey	tr	Middle Eastern	Middle Eastern
uae indie		United Arab Emirates	ae	Middle Eastern	Middle Eastern
arab alternative	indie			Middle Eastern	Middle Eastern
arab pop	pop			Middle Eastern	Middle Eastern
arab trap	electronic			Middle Eastern	Middle Eastern
arabesk				Middle Eastern	Middle Eastern
arabic hip hop	hip hop			Middle Eastern	Middle Eastern
arabic jazz				Middle Eastern	Middle Eastern
classic arab pop				Middle Eastern	Middle Eastern
classic persian pop				Middle Eastern	Middle Eastern
mizrahi				Middle Eastern	Middle Eastern
euroska					Europe
albanian hip hop	hip hop	Albania	al	Eastern Europe	Europe
albanian pop	pop	Albania	al	Eastern Europe	Europe
armenian folk		Armenia	am	Eastern Europe	Europe
armenian pop	pop	Armenia	am	Eastern Europe	Europe
austrian indie		Austria	at	Eastern Europe	Europe
austrian pop	pop	Austria	at	Eastern Europe	Europe
azeri pop		Azerbaijan	az	Eastern Europe	Europe
azeri traditional		Azerbaijan	az	Eastern Europe	Europe
belarusian electronic		Belarus	by	Eastern Europe	Europe
sevdah		Bosnia and Herzegovina	ba	Eastern Europe	Europe
bulgarian pop		Bulgaria	bg	Eastern Europe	Europe
bulgarian rock		Bulgaria	bg	Eastern Europe	Europe
croatian pop		Croatia	hr	Eastern Europe	Europe
czech folk		Czechia	cz	Eastern Europe	Europe
czech hip hop		Czechia	cz	Eastern Europe	Europe
czech pop		Czechia	cz	Eastern Europe	Europe
czech punk		Czechia	cz	Eastern Europe	Europe
czech rock		Czechia	cz	Eastern Europe	Europe
czsk hip hop		Czechia	cz	Eastern Europe	Europe
czsk reggae		Czechia	cz	Eastern Europe	Europe
estonian electronic		Estonia	ee	Eastern Europe	Europe
estonian folk		Estonia	ee	Eastern Europe	Europe
estonian hip hop		Estonia	ee	Eastern Europe	Europe
estonian indie		Estonia	ee	Eastern Europe	Europe
estonian pop		Estonia	ee	Eastern Europe	Europe
estonian rock		Estonia	ee	Eastern Europe	Europe
hungarian metal		Hungary	hu	Eastern Europe	Europe
hungarian pop		Hungary	hu	Eastern Europe	Europe
magyar alternative		Hungary	hu	Eastern Europe	Europe
magyar mulatos		Hungary	hu	Eastern Europe	Europe
kosovan pop		Kosovo	ks	Eastern Europe	Europe
lithuanian electronic		Lithuania	lt	Eastern Europe	Europe
lithuanian hip hop		Lithuania	lt	Eastern Europe	Europe
lithuanian pop		Lithuania	lt	Eastern Europe	Europe
lithuanian rock		Lithuania	lt	Eastern Europe	Europe
macedonian pop		Macedonia, the former Yugoslav Republic of	mk	Eastern Europe	Europe
moldovan pop		Moldova, Republic of	md	Eastern Europe	Europe
montenegrin pop		Montenegro	me	Eastern Europe	Europe
classic polish pop		Poland	pl	Eastern Europe	Europe
polish alternative rock		Poland	pl	Eastern Europe	Europe
polish choir		Poland	pl	Eastern Europe	Europe
polish contemporary classical		Poland	pl	Eastern Europe	Europe
polish electronica		Poland	pl	Eastern Europe	Europe
polish folk		Poland	pl	Eastern Europe	Europe
polish hip hop		Poland	pl	Eastern Europe	Europe
polish indie		Poland	pl	Eastern Europe	Europe
polish jazz		Poland	pl	Eastern Europe	Europe
polish modern jazz		Poland	pl	Eastern Europe	Europe
polish pop		Poland	pl	Eastern Europe	Europe
polish reggae		Poland	pl	Eastern Europe	Europe
polish trap		Poland	pl	Eastern Europe	Europe
polish underground hip hop		Poland	pl	Eastern Europe	Europe
romanian pop		Romania	ro	Eastern Europe	Europe
slovak hip hop		Slovakia	sk	Eastern Europe	Europe
slovenian electronic		Slovenia	si	Eastern Europe	Europe
slovenian pop		Slovenia	si	Eastern Europe	Europe
ukrainian classical		Ukraine	ua	Eastern Europe	Europe
ukrainian electronic		Ukraine	ua	Eastern Europe	Europe
ukrainian hip hop		Ukraine	ua	Eastern Europe	Europe
ukrainian indie		Ukraine	ua	Eastern Europe	Europe
ukrainian pop		Ukraine	ua	Eastern Europe	Europe
ukrainian rock		Ukraine	ua	Eastern Europe	Europe
balkan brass				Eastern Europe	Europe
gypsy fusion				Eastern Europe	Europe
gypsy jazz				Eastern Europe	Europe
gypsy punk				Eastern Europe	Europe
yugoslav rock				Eastern Europe	Europe
cypriot pop		Cyprus	cy	Mediterranean	Europe
maltese pop		Malta	mt	Mediterranean	Europe
classic danish pop		Denmark	dk	Northern Europe	Europe
danish alternative rock		Denmark	dk	Northern Europe	Europe
danish choir		Denmark	dk	Northern Europe	Europe
danish classical		Denmark	dk	Northern Europe	Europe
danish electronic		Denmark	dk	Northern Europe	Europe
danish electropop		Denmark	dk	Northern Europe	Europe
danish hip hop		Denmark	dk	Northern Europe	Europe
danish metal		Denmark	dk	Northern Europe	Europe
danish pop		Denmark	dk	Northern Europe	Europe
danish pop rock		Denmark	dk	Northern Europe	Europe
danish singer-songwriter		Denmark	dk	Northern Europe	Europe
classic finnish pop		Finland	fi	Northern Europe	Europe
classic iskelma		Finland	fi	Northern Europe	Europe
finnish dance pop		Finland	fi	Northern Europe	Europe
finnish edm		Finland	fi	Northern Europe	Europe
finnish hip hop		Finland	fi	Northern Europe	Europe
finnish indie		Finland	fi	Northern Europe	Europe
finnish pop		Finland	fi	Northern Europe	Europe
suomi rock		Finland	fi	Northern Europe	Europe
icelandic classical		Iceland	is	Northern Europe	Europe
icelandic electronic		Iceland	is	Northern Europe	Europe
icelandic experimental		Iceland	is	Northern Europe	Europe
icelandic folk		Iceland	is	Northern Europe	Europe
icelandic indie		Iceland	is	Northern Europe	Europe
icelandic pop		Iceland	is	Northern Europe	Europe
icelandic rock		Iceland	is	Northern Europe	Europe
bergen indie		Norway	no	Northern Europe	Europe
classic norwegian pop		Norway	no	Northern Europe	Europe
nordic folk		Norway	no	Northern Europe	Europe
nordic house		Norway	no	Northern Europe	Europe
nordic post-rock		Norway	no	Northern Europe	Europe
nordic soundtrack		Norway	no	Northern Europe	Europe
norwegian contemporary jazz		Norway	no	Northern Europe	Europe
norwegian country		Norway	no	Northern Europe	Europe
norwegian hip hop		Norway	no	Northern Europe	Europe
norwegian indie		Norway	no	Northern Europe	Europe
norwegian jazz		Norway	no	Northern Europe	Europe
norwegian pop		Norway	no	Northern Europe	Europe
norwegian pop rap		Norway	no	Northern Europe	Europe
norwegian rock		Norway	no	Northern Europe	Europe
norwegian singer-songwriter		Norway	no	Northern Europe	Europe
oslo indie		Norway	no	Northern Europe	Europe
classic swedish pop		Sweden	se	Northern Europe	Europe
gothenburg hip hop		Sweden	se	Northern Europe	Europe
gothenburg indie		Sweden	se	Northern Europe	Europe
gothenburg metal		Sweden	se	Northern Europe	Europe
swedish alternative rock		Sweden	se	Northern Europe	Europe
swedish americana		Sweden	se	Northern Europe	Europe
swedish black metal		Sweden	se	Northern Europe	Europe
swedish blues		Sweden	se	Northern Europe	Europe
swedish choir		Sweden	se	Northern Europe	Europe
swedish classical		Sweden	se	Northern Europe	Europe
swedish country		Sweden	se	Northern Europe	Europe
swedish dancehall		Sweden	se	Northern Europe	Europe
swedish death metal		Sweden	se	Northern Europe	Europe
swedish electropop		Sweden	se	Northern Europe	Europe
swedish eurodance		Sweden	se	Northern Europe	Europe
swedish fiddle		Sweden	se	Northern Europe	Europe
swedish gangsta rap		Sweden	se	Northern Europe	Europe
swedish garage rock		Sweden	se	Northern Europe	Europe
swedish hardcore		Sweden	se	Northern Europe	Europe
swedish hip hop		Sweden	se	Northern Europe	Europe
swedish idol pop		Sweden	se	Northern Europe	Europe
swedish indie pop		Sweden	se	Northern Europe	Europe
swedish indie rock		Sweden	se	Northern Europe	Europe
swedish jazz		Sweden	se	Northern Europe	Europe
swedish metal		Sweden	se	Northern Europe	Europe
swedish pop		Sweden	se	Northern Europe	Europe
swedish post-hardcore		Sweden	se	Northern Europe	Europe
swedish power metal		Sweden	se	Northern Europe	Europe
swedish reggae		Sweden	se	Northern Europe	Europe
swedish rockabilly		Sweden	se	Northern Europe	Europe
swedish singer-songwriter		Sweden	se	Northern Europe	Europe
swedish soul		Sweden	se	Northern Europe	Europe
swedish synth		Sweden	se	Northern Europe	Europe
swedish synthpop		Sweden	se	Northern Europe	Europe
swedish trap		Sweden	se	Northern Europe	Europe
swedish tropical house		Sweden	se	Northern Europe	Europe
swedish underground rap		Sweden	se	Northern Europe	Europe
swedish urban		Sweden	se	Northern Europe	Europe
vintage swedish pop		Sweden	se	Northern Europe	Europe
sami				Northern Europe	Europe
scandinavian r&b				Northern Europe	Europe
scandipop				Northern Europe	Europe
yoik				Northern Europe	Europe
classic russian pop		Russian Federation	ru	Russia	Europe
kavkaz		Russian Federation	ru	Russia	Europe
russian ccm		Russian Federation	ru	Russia	Europe
russian dance		Russian Federation	ru	Russia	Europe
russian dance pop		Russian Federation	ru	Russia	Europe
russian gangster rap		Russian Federation	ru	Russia	Europe
russian hip hop		Russian Federation	ru	Russia	Europe
russian indie		Russian Federation	ru	Russia	Europe
russian jazz		Russian Federation	ru	Russia	Europe
russian pop		Russian Federation	ru	Russia	Europe
russian punk		Russian Federation	ru	Russia	Europe
russian reggae		Russian Federation	ru	Russia	Europe
russian rock		Russian Federation	ru	Russia	Europe
russian trap		Russian Federation	ru	Russia	Europe
russian underground rap		Russian Federation	ru	Russia	Europe
belgian dance		Belgium	be	Western Europe	Europe
belgian edm		Belgium	be	Western Europe	Europe
belgian hip hop		Belgium	be	Western Europe	Europe
belgian pop		Belgium	be	Western Europe	Europe
belgian rock		Belgium	be	Western Europe	Europe
belgian singer-songwriter		Belgium	be	Western Europe	Europe
belgian techno		Belgium	be	Western Europe	Europe
ghent indie		Belgium	be	Western Europe	Europe
chanson		France	fr	Western Europe	Europe
french hip hop		France	fr	Western Europe	Europe
french indie pop		France	fr	Western Europe	Europe
french indietronica		France	fr	Western Europe	Europe
french jazz		France	fr	Western Europe	Europe
french metal		France	fr	Western Europe	Europe
french movie tunes		France	fr	Western Europe	Europe
french opera		France	fr	Western Europe	Europe
french pop		France	fr	Western Europe	Europe
french reggae		France	fr	Western Europe	Europe
french rock		France	fr	Western Europe	Europe
french shoegaze		France	fr	Western Europe	Europe
french soundtrack		France	fr	Western Europe	Europe
frenchcore		France	fr	Western Europe	Europe
new french touch		France	fr	Western Europe	Europe
nice indie		France	fr	Western Europe	Europe
nouvelle chanson francaise		France	fr	Western Europe	Europe
rap francais		France	fr	Western Europe	Europe
variete francaise		France	fr	Western Europe	Europe
antideutsche		Germany	de	Western Europe	Europe
berlin minimal techno		Germany	de	Western Europe	Europe
classic schlager		Germany	de	Western Europe	Europe
cologne electronic		Germany	de	Western Europe	Europe
cologne indie		Germany	de	Western Europe	Europe
deep german hip hop		Germany	de	Western Europe	Europe
dutch americana		Germany	de	Western Europe	Europe
dutch edm		Germany	de	Western Europe	Europe
dutch hip hop		Germany	de	Western Europe	Europe
dutch house		Germany	de	Western Europe	Europe
dutch idol pop		Germany	de	Western Europe	Europe
dutch indie		Germany	de	Western Europe	Europe
dutch metal		Germany	de	Western Europe	Europe
dutch pop		Germany	de	Western Europe	Europe
dutch r&b		Germany	de	Western Europe	Europe
dutch rock		Germany	de	Western Europe	Europe
dutch tech house		Germany	de	Western Europe	Europe
dutch urban		Germany	de	Western Europe	Europe
german alternative rap		Germany	de	Western Europe	Europe
german alternative rock		Germany	de	Western Europe	Europe
german baroque		Germany	de	Western Europe	Europe
german cloud rap		Germany	de	Western Europe	Europe
german dance		Germany	de	Western Europe	Europe
german dark minimal techno		Germany	de	Western Europe	Europe
german hip hop		Germany	de	Western Europe	Europe
german house		Germany	de	Western Europe	Europe
german indie		Germany	de	Western Europe	Europe
german indie folk		Germany	de	Western Europe	Europe
german metal		Germany	de	Western Europe	Europe
german oi		Germany	de	Western Europe	Europe
german pop		Germany	de	Western Europe	Europe
german pop rock		Germany	de	Western Europe	Europe
german rock		Germany	de	Western Europe	Europe
german singer-songwriter		Germany	de	Western Europe	Europe
german soundtrack		Germany	de	Western Europe	Europe
german tech house		Germany	de	Western Europe	Europe
german techno		Germany	de	Western Europe	Europe
german trap		Germany	de	Western Europe	Europe
german underground rap		Germany	de	Western Europe	Europe
hamburg electronic		Germany	de	Western Europe	Europe
hamburg hip hop		Germany	de	Western Europe	Europe
hammond organ		Germany	de	Western Europe	Europe
indie deutschrap		Germany	de	Western Europe	Europe
iskelma		Germany	de	Western Europe	Europe
neue deutsche harte		Germany	de	Western Europe	Europe
neue deutsche welle		Germany	de	Western Europe	Europe
schlager		Germany	de	Western Europe	Europe
classic greek pop		Greece	gr	Western Europe	Europe
greek hip hop		Greece	gr	Western Europe	Europe
greek house		Greece	gr	Western Europe	Europe
greek indie		Greece	gr	Western Europe	Europe
greek pop		Greece	gr	Western Europe	Europe
greek trap		Greece	gr	Western Europe	Europe
laiko		Greece	gr	Western Europe	Europe
cork indie		Ireland	ie	Western Europe	Europe
dublin indie		Ireland	ie	Western Europe	Europe
irish drill		Ireland	ie	Western Europe	Europe
irish electronic		Ireland	ie	Western Europe	Europe
irish folk		Ireland	ie	Western Europe	Europe
irish hip hop		Ireland	ie	Western Europe	Europe
irish indie		Ireland	ie	Western Europe	Europe
irish pop		Ireland	ie	Western Europe	Europe
irish rock		Ireland	ie	Western Europe	Europe
irish singer-songwriter		Ireland	ie	Western Europe	Europe
classic italian pop		Italy	it	Western Europe	Europe
firenze indie		Italy	it	Western Europe	Europe
folk rock italiano		Italy	it	Western Europe	Europe
indie folk italiano		Italy	it	Western Europe	Europe
indie liguria		Italy	it	Western Europe	Europe
indie rock italiano		Italy	it	Western Europe	Europe
italian alternative		Italy	it	Western Europe	Europe
italian arena pop		Italy	it	Western Europe	Europe
italian contemporary jazz		Italy	it	Western Europe	Europe
italian electronica		Italy	it	Western Europe	Europe
italian folk		Italy	it	Western Europe	Europe
italian folk metal		Italy	it	Western Europe	Europe
italian gothic		Italy	it	Western Europe	Europe
italian gothic metal		Italy	it	Western Europe	Europe
italian hip hop		Italy	it	Western Europe	Europe
italian indie pop		Italy	it	Western Europe	Europe
italian metal		Italy	it	Western Europe	Europe
italian pop		Italy	it	Western Europe	Europe
italian pop rock		Italy	it	Western Europe	Europe
italian power metal		Italy	it	Western Europe	Europe
italian reggae		Italy	it	Western Europe	Europe
italian ska		Italy	it	Western Europe	Europe
italian tech house		Italy	it	Western Europe	Europe
italian techno		Italy	it	Western Europe	Europe
italian tenor		Italy	it	Western Europe	Europe
italian underground hip hop		Italy	it	Western Europe	Europe
italo dance		Italy	it	Western Europe	Europe
milan indie		Italy	it	Western Europe	Europe
rome indie		Italy	it	Western Europe	Europe
trap italiana		Italy	it	Western Europe	Europe
turin indie		Italy	it	Western Europe	Europe
hip hop tuga		Portugal	pt	Western Europe	Europe
portuguese indie		Portugal	pt	Western Europe	Europe
portuguese pop		Portugal	pt	Western Europe	Europe
trap tuga		Portugal	pt	Western Europe	Europe
granada indie		Spain	es	Western Europe	Europe
indie valenciana		Spain	es	Western Europe	Europe
r&b en espanol		Spain	es	Western Europe	Europe
rap marseille		Spain	es	Western Europe	Europe
rock alternativo espanol		Spain	es	Western Europe	Europe
rock en espanol		Spain	es	Western Europe	Europe
spanish electropop		Spain	es	Western Europe	Europe
spanish folk		Spain	es	Western Europe	Europe
spanish hip hop		Spain	es	Western Europe	Europe
spanish indie pop		Spain	es	Western Europe	Europe
spanish modern rock		Spain	es	Western Europe	Europe
spanish new wave		Spain	es	Western Europe	Europe
spanish noise pop		Spain	es	Western Europe	Europe
spanish pop		Spain	es	Western Europe	Europe
spanish pop rock		Spain	es	Western Europe	Europe
spanish punk		Spain	es	Western Europe	Europe
spanish reggae		Spain	es	Western Europe	Europe
spanish rock		Spain	es	Western Europe	Europe
trap catala		Spain	es	Western Europe	Europe
trap espanol		Spain	es	Western Europe	Europe
basel indie		Switzerland	ch	Western Europe	Europe
bass house		Switzerland	ch	Western Europe	Europe
swiss hip hop		Switzerland	ch	Western Europe	Europe
swiss house		Switzerland	ch	Western Europe	Europe
swiss indie		Switzerland	ch	Western Europe	Europe
swiss pop		Switzerland	ch	Western Europe	Europe
swiss rock		Switzerland	ch	Western Europe	Europe
swiss singer-songwriter		Switzerland	ch	Western Europe	Europe
swiss techno		Switzerland	ch	Western Europe	Europe
yodeling		Switzerland	ch	Western Europe	Europe
aberdeen indie	indie	United Kingdom of Great Britain and Northern Ireland	gb	Western Europe	Europe
birmingham grime		United Kingdom of Great Britain and Northern Ireland	gb	Western Europe	Europe
birmingham hip hop		United Kingdom of Great Britain and Northern Ireland	gb	Western Europe	Europe
birmingham indie		United Kingdom of Great Britain and Northern Ireland	gb	Western Europe	Europe
birmingham metal		United Kingdom of Great Britain and Northern Ireland	gb	Western Europe	Europe
brighton indie		United Kingdom of Great Britain and Northern Ireland	gb	Western Europe	Europe
bristol electronic		United Kingdom of Great Britain and Northern Ireland	gb	Western Europe	Europe
bristol indie		United Kingdom of Great Britain and Northern Ireland	gb	Western Europe	Europe
british alternative rock		United Kingdom of Great Britain and Northern Ireland	gb	Western Europe	Europe
british blues		United Kingdom of Great Britain and Northern Ireland	gb	Western Europe	Europe
british children's music		United Kingdom of Great Britain and Northern Ireland	gb	Western Europe	Europe
british comedy		United Kingdom of Great Britain and Northern Ireland	gb	Western Europe	Europe
british country		United Kingdom of Great Britain and Northern Ireland	gb	Western Europe	Europe
british folk		United Kingdom of Great Britain and Northern Ireland	gb	Western Europe	Europe
british indie rock		United Kingdom of Great Britain and Northern Ireland	gb	Western Europe	Europe
british invasion		United Kingdom of Great Britain and Northern Ireland	gb	Western Europe	Europe
british jazz		United Kingdom of Great Britain and Northern Ireland	gb	Western Europe	Europe
british modern classical		United Kingdom of Great Britain and Northern Ireland	gb	Western Europe	Europe
british post-rock		United Kingdom of Great Britain and Northern Ireland	gb	Western Europe	Europe
british singer-songwriter		United Kingdom of Great Britain and Northern Ireland	gb	Western Europe	Europe
british soul		United Kingdom of Great Britain and Northern Ireland	gb	Western Europe	Europe
british soundtrack		United Kingdom of Great Britain and Northern Ireland	gb	Western Europe	Europe
britpop		United Kingdom of Great Britain and Northern Ireland	gb	Western Europe	Europe
channel islands indie		United Kingdom of Great Britain and Northern Ireland	gb	Western Europe	Europe
classic uk pop		United Kingdom of Great Britain and Northern Ireland	gb	Western Europe	Europe
devon indie		United Kingdom of Great Britain and Northern Ireland	gb	Western Europe	Europe
east anglia indie		United Kingdom of Great Britain and Northern Ireland	gb	Western Europe	Europe
english indie rock		United Kingdom of Great Britain and Northern Ireland	gb	Western Europe	Europe
glasgow indie		United Kingdom of Great Britain and Northern Ireland	gb	Western Europe	Europe
isle of wight indie		United Kingdom of Great Britain and Northern Ireland	gb	Western Europe	Europe
kent indie		United Kingdom of Great Britain and Northern Ireland	gb	Western Europe	Europe
leeds indie		United Kingdom of Great Britain and Northern Ireland	gb	Western Europe	Europe
leicester indie		United Kingdom of Great Britain and Northern Ireland	gb	Western Europe	Europe
liverpool indie		United Kingdom of Great Britain and Northern Ireland	gb	Western Europe	Europe
london indie		United Kingdom of Great Britain and Northern Ireland	gb	Western Europe	Europe
london rap		United Kingdom of Great Britain and Northern Ireland	gb	Western Europe	Europe
madchester		United Kingdom of Great Britain and Northern Ireland	gb	Western Europe	Europe
manchester hip hop		United Kingdom of Great Britain and Northern Ireland	gb	Western Europe	Europe
manchester indie		United Kingdom of Great Britain and Northern Ireland	gb	Western Europe	Europe
scottish hip hop		United Kingdom of Great Britain and Northern Ireland	gb	Western Europe	Europe
scottish indie		United Kingdom of Great Britain and Northern Ireland	gb	Western Europe	Europe
scottish indie rock		United Kingdom of Great Britain and Northern Ireland	gb	Western Europe	Europe
scottish new wave		United Kingdom of Great Britain and Northern Ireland	gb	Western Europe	Europe
scottish rock		United Kingdom of Great Britain and Northern Ireland	gb	Western Europe	Europe
traditional british folk		United Kingdom of Great Britain and Northern Ireland	gb	Western Europe	Europe
uk alternative hip hop		United Kingdom of Great Britain and Northern Ireland	gb	Western Europe	Europe
uk alternative pop		United Kingdom of Great Britain and Northern Ireland	gb	Western Europe	Europe
uk americana		United Kingdom of Great Britain and Northern Ireland	gb	Western Europe	Europe
uk christian rap		United Kingdom of Great Britain and Northern Ireland	gb	Western Europe	Europe
uk contemporary r&b		United Kingdom of Great Britain and Northern Ireland	gb	Western Europe	Europe
uk dance		United Kingdom of Great Britain and Northern Ireland	gb	Western Europe	Europe
uk dancehall		United Kingdom of Great Britain and Northern Ireland	gb	Western Europe	Europe
uk dnb		United Kingdom of Great Britain and Northern Ireland	gb	Western Europe	Europe
uk doom metal		United Kingdom of Great Britain and Northern Ireland	gb	Western Europe	Europe
uk drill		United Kingdom of Great Britain and Northern Ireland	gb	Western Europe	Europe
uk funky		United Kingdom of Great Britain and Northern Ireland	gb	Western Europe	Europe
uk garage		United Kingdom of Great Britain and Northern Ireland	gb	Western Europe	Europe
uk hip hop		United Kingdom of Great Britain and Northern Ireland	gb	Western Europe	Europe
uk house		United Kingdom of Great Britain and Northern Ireland	gb	Western Europe	Europe
uk metalcore		United Kingdom of Great Britain and Northern Ireland	gb	Western Europe	Europe
uk pop		United Kingdom of Great Britain and Northern Ireland	gb	Western Europe	Europe
uk pop punk		United Kingdom of Great Britain and Northern Ireland	gb	Western Europe	Europe
uk post-punk		United Kingdom of Great Britain and Northern Ireland	gb	Western Europe	Europe
uk reggae		United Kingdom of Great Britain and Northern Ireland	gb	Western Europe	Europe
uk tech house		United Kingdom of Great Britain and Northern Ireland	gb	Western Europe	Europe
uk worship		United Kingdom of Great Britain and Northern Ireland	gb	Western Europe	Europe
ukg revival		United Kingdom of Great Britain and Northern Ireland	gb	Western Europe	Europe
welsh indie		United Kingdom of Great Britain and Northern Ireland	gb	Western Europe	Europe
welsh metal		United Kingdom of Great Britain and Northern Ireland	gb	Western Europe	Europe
welsh rock		United Kingdom of Great Britain and Northern Ireland	gb	Western Europe	Europe
york indie		United Kingdom of Great Britain and Northern Ireland	gb	Western Europe	Europe
celtic punk				Western Europe	Europe
celtic rock				Western Europe	Europe
deep melodic euro house					Europe
eurodance					Europe
europop					Europe
eurovision					Europe
kazakh pop		Kazakhstan	kz	Central Asia	Asia
uzbek pop	pop	Uzbekistan	uz	Central Asia	Asia
c-pop	pop	China	cn	Eastern Asia	Asia
cantopop	pop	China	cn	Eastern Asia	Asia
chinese audiophile		China	cn	Eastern Asia	Asia
chinese classical performance		China	cn	Eastern Asia	Asia
chinese drama ost		China	cn	Eastern Asia	Asia
chinese electronic	electronic	China	cn	Eastern Asia	Asia
chinese electropop	pop	China	cn	Eastern Asia	Asia
chinese folk	traditional	China	cn	Eastern Asia	Asia
chinese hip hop	hip hop	China	cn	Eastern Asia	Asia
chinese idol pop	pop	China	cn	Eastern Asia	Asia
chinese indie	indie	China	cn	Eastern Asia	Asia
chinese indie rock	indie	China	cn	Eastern Asia	Asia
chinese jazz	jazz	China	cn	Eastern Asia	Asia
chinese metal	metal	China	cn	Eastern Asia	Asia
chinese minyao	traditional	China	cn	Eastern Asia	Asia
chinese new year		China	cn	Eastern Asia	Asia
chinese post-rock	rock	China	cn	Eastern Asia	Asia
chinese soundtrack		China	cn	Eastern Asia	Asia
chinese worship	traditional	China	cn	Eastern Asia	Asia
classic cantopop	pop	China	cn	Eastern Asia	Asia
classic mandopop	pop	China	cn	Eastern Asia	Asia
fo jing		China	cn	Eastern Asia	Asia
mainland chinese pop		China	cn	Eastern Asia	Asia
mandopop		China	cn	Eastern Asia	Asia
sinogaze		China	cn	Eastern Asia	Asia
vintage chinese pop	pop	China	cn	Eastern Asia	Asia
zhongguo feng		China	cn	Eastern Asia	Asia
hong kong hip hop	hip hop	Hong Kong	hk	Eastern Asia	Asia
hong kong indie	indie	Hong Kong	hk	Eastern Asia	Asia
classic j-rock		Japan	jp	Eastern Asia	Asia
denpa-kei	dance	Japan	jp	Eastern Asia	Asia
doujin		Japan	jp	Eastern Asia	Asia
enka		Japan	jp	Eastern Asia	Asia
j-acoustic		Japan	jp	Eastern Asia	Asia
j-core		Japan	jp	Eastern Asia	Asia
j-dance		Japan	jp	Eastern Asia	Asia
j-division		Japan	jp	Eastern Asia	Asia
j-idol		Japan	jp	Eastern Asia	Asia
j-indie		Japan	jp	Eastern Asia	Asia
j-metal		Japan	jp	Eastern Asia	Asia
j-pixie		Japan	jp	Eastern Asia	Asia
j-pop		Japan	jp	Eastern Asia	Asia
j-pop boy group		Japan	jp	Eastern Asia	Asia
j-pop girl group		Japan	jp	Eastern Asia	Asia
j-poprock		Japan	jp	Eastern Asia	Asia
j-punk		Japan	jp	Eastern Asia	Asia
j-rap		Japan	jp	Eastern Asia	Asia
j-reggae		Japan	jp	Eastern Asia	Asia
j-rock		Japan	jp	Eastern Asia	Asia
japanese alternative rock		Japan	jp	Eastern Asia	Asia
japanese chillhop		Japan	jp	Eastern Asia	Asia
japanese choir		Japan	jp	Eastern Asia	Asia
japanese city pop		Japan	jp	Eastern Asia	Asia
japanese classical		Japan	jp	Eastern Asia	Asia
japanese classical performance		Japan	jp	Eastern Asia	Asia
japanese disney		Japan	jp	Eastern Asia	Asia
japanese dream pop		Japan	jp	Eastern Asia	Asia
japanese electropop		Japan	jp	Eastern Asia	Asia
japanese emo		Japan	jp	Eastern Asia	Asia
japanese garage rock		Japan	jp	Eastern Asia	Asia
japanese hardcore		Japan	jp	Eastern Asia	Asia
japanese heavy metal		Japan	jp	Eastern Asia	Asia
japanese indie folk		Japan	jp	Eastern Asia	Asia
japanese indie pop		Japan	jp	Eastern Asia	Asia
japanese indie rock		Japan	jp	Eastern Asia	Asia
japanese instrumental		Japan	jp	Eastern Asia	Asia
japanese jazz fusion		Japan	jp	Eastern Asia	Asia
japanese jazztronica		Japan	jp	Eastern Asia	Asia
japanese math rock		Japan	jp	Eastern Asia	Asia
japanese metalcore		Japan	jp	Eastern Asia	Asia
japanese new wave		Japan	jp	Eastern Asia	Asia
japanese pop punk		Japan	jp	Eastern Asia	Asia
japanese post-hardcore		Japan	jp	Eastern Asia	Asia
japanese post-rock		Japan	jp	Eastern Asia	Asia
japanese power metal		Japan	jp	Eastern Asia	Asia
japanese psychedelic rock		Japan	jp	Eastern Asia	Asia
japanese punk rock		Japan	jp	Eastern Asia	Asia
japanese r&b		Japan	jp	Eastern Asia	Asia
japanese rockabilly		Japan	jp	Eastern Asia	Asia
japanese shoegaze		Japan	jp	Eastern Asia	Asia
japanese singer-songwriter		Japan	jp	Eastern Asia	Asia
japanese ska		Japan	jp	Eastern Asia	Asia
japanese soul		Japan	jp	Eastern Asia	Asia
japanese soundtrack		Japan	jp	Eastern Asia	Asia
japanese techno		Japan	jp	Eastern Asia	Asia
japanese trap		Japan	jp	Eastern Asia	Asia
japanese vgm		Japan	jp	Eastern Asia	Asia
kawaii metal		Japan	jp	Eastern Asia	Asia
kodomo no ongaku		Japan	jp	Eastern Asia	Asia
modern enka		Japan	jp	Eastern Asia	Asia
okinawan pop		Japan	jp	Eastern Asia	Asia
rakugo		Japan	jp	Eastern Asia	Asia
shibuya-kei		Japan	jp	Eastern Asia	Asia
techno kayo		Japan	jp	Eastern Asia	Asia
visual kei	rock	Japan	jp	Eastern Asia	Asia
dong-yo	pop	Korea, Republic of	kr	Eastern Asia	Asia
k-hop		Korea, Republic of	kr	Eastern Asia	Asia
k-indie		Korea, Republic of	kr	Eastern Asia	Asia
k-pop		Korea, Republic of	kr	Eastern Asia	Asia
k-pop boy group		Korea, Republic of	kr	Eastern Asia	Asia
k-pop girl group		Korea, Republic of	kr	Eastern Asia	Asia
k-rock		Korea, Republic of	kr	Eastern Asia	Asia
korean indie rock		Korea, Republic of	kr	Eastern Asia	Asia
korean jazz		Korea, Republic of	kr	Eastern Asia	Asia
korean pop		Korea, Republic of	kr	Eastern Asia	Asia
korean r&b		Korea, Republic of	kr	Eastern Asia	Asia
korean trap		Korea, Republic of	kr	Eastern Asia	Asia
hokkien pop	pop	Taiwan, Province of China[a]	tw	Eastern Asia	Asia
taiwan campus folk		Taiwan, Province of China[a]	tw	Eastern Asia	Asia
taiwan electronic		Taiwan, Province of China[a]	tw	Eastern Asia	Asia
taiwan experimental		Taiwan, Province of China[a]	tw	Eastern Asia	Asia
taiwan hip hop		Taiwan, Province of China[a]	tw	Eastern Asia	Asia
taiwan indie		Taiwan, Province of China[a]	tw	Eastern Asia	Asia
taiwan instrumental		Taiwan, Province of China[a]	tw	Eastern Asia	Asia
taiwan metal		Taiwan, Province of China[a]	tw	Eastern Asia	Asia
taiwan pop		Taiwan, Province of China[a]	tw	Eastern Asia	Asia
taiwan punk		Taiwan, Province of China[a]	tw	Eastern Asia	Asia
taiwan rock		Taiwan, Province of China[a]	tw	Eastern Asia	Asia
taiwan singer-songwriter		Taiwan, Province of China[a]	tw	Eastern Asia	Asia
taiwanese indigenous		Taiwan, Province of China[a]	tw	Eastern Asia	Asia
taiwanese pop		Taiwan, Province of China[a]	tw	Eastern Asia	Asia
khmer		Cambodia	kh	South Eastern Asia	Asia
classic indo pop		Indonesia	id	South Eastern Asia	Asia
dangdut		Indonesia	id	South Eastern Asia	Asia
dangdut koplo		Indonesia	id	South Eastern Asia	Asia
dangdut remix		Indonesia	id	South Eastern Asia	Asia
indonesian city pop	indie	Indonesia	id	South Eastern Asia	Asia
indonesian death metal		Indonesia	id	South Eastern Asia	Asia
indonesian edm	dance	Indonesia	id	South Eastern Asia	Asia
indonesian folk	traditional	Indonesia	id	South Eastern Asia	Asia
indonesian hardcore		Indonesia	id	South Eastern Asia	Asia
indonesian hip hop	hip hop	Indonesia	id	South Eastern Asia	Asia
indonesian indie	indie	Indonesia	id	South Eastern Asia	Asia
indonesian indie pop	indie	Indonesia	id	South Eastern Asia	Asia
indonesian indie rock		Indonesia	id	South Eastern Asia	Asia
indonesian jazz	jazz	Indonesia	id	South Eastern Asia	Asia
indonesian metal		Indonesia	id	South Eastern Asia	Asia
indonesian pop		Indonesia	id	South Eastern Asia	Asia
indonesian pop punk		Indonesia	id	South Eastern Asia	Asia
indonesian post-hardcore		Indonesia	id	South Eastern Asia	Asia
indonesian r&b		Indonesia	id	South Eastern Asia	Asia
indonesian rock		Indonesia	id	South Eastern Asia	Asia
classic malaysian pop		Malaysia	my	South Eastern Asia	Asia
malaysian hip hop		Malaysia	my	South Eastern Asia	Asia
malaysian indie		Malaysia	my	South Eastern Asia	Asia
malaysian mandopop		Malaysia	my	South Eastern Asia	Asia
malaysian pop		Malaysia	my	South Eastern Asia	Asia
malaysian tamil pop		Malaysia	my	South Eastern Asia	Asia
burmese pop		Myanmar	mm	South Eastern Asia	Asia
acoustic opm	pop	Philippines	ph	South Eastern Asia	Asia
classic opm	pop	Philippines	ph	South Eastern Asia	Asia
manila sound		Philippines	ph	South Eastern Asia	Asia
pinoy alternative rap		Philippines	ph	South Eastern Asia	Asia
pinoy hip hop		Philippines	ph	South Eastern Asia	Asia
pinoy indie		Philippines	ph	South Eastern Asia	Asia
pinoy pop punk		Philippines	ph	South Eastern Asia	Asia
pinoy praise		Philippines	ph	South Eastern Asia	Asia
pinoy r&b		Philippines	ph	South Eastern Asia	Asia
pinoy reggae		Philippines	ph	South Eastern Asia	Asia
pinoy rock		Philippines	ph	South Eastern Asia	Asia
pinoy trap		Philippines	ph	South Eastern Asia	Asia
tagalog worship		Philippines	ph	South Eastern Asia	Asia
singaporean electronic		Singapore	sg	South Eastern Asia	Asia
singaporean hip hop		Singapore	sg	South Eastern Asia	Asia
singaporean indie		Singapore	sg	South Eastern Asia	Asia
singaporean mandopop		Singapore	sg	South Eastern Asia	Asia
singaporean pop		Singapore	sg	South Eastern Asia	Asia
singaporean singer-songwriter		Singapore	sg	South Eastern Asia	Asia
classic luk thung		Thailand	th	South Eastern Asia	Asia
classic thai pop		Thailand	th	South Eastern Asia	Asia
luk thung		Thailand	th	South Eastern Asia	Asia
thai folk		Thailand	th	South Eastern Asia	Asia
thai folk pop		Thailand	th	South Eastern Asia	Asia
thai folk rock		Thailand	th	South Eastern Asia	Asia
thai hip hop		Thailand	th	South Eastern Asia	Asia
thai idol		Thailand	th	South Eastern Asia	Asia
thai indie		Thailand	th	South Eastern Asia	Asia
thai indie pop		Thailand	th	South Eastern Asia	Asia
thai indie rock		Thailand	th	South Eastern Asia	Asia
thai metal		Thailand	th	South Eastern Asia	Asia
thai pop		Thailand	th	South Eastern Asia	Asia
thai rock	rock	Thailand	th	South Eastern Asia	Asia
indie viet	indie	Viet Nam	vn	South Eastern Asia	Asia
rock viet		Viet Nam	vn	South Eastern Asia	Asia
v-pop	pop	Viet Nam	vn	South Eastern Asia	Asia
vietnamese bolero		Viet Nam	vn	South Eastern Asia	Asia
vietnamese hip hop	hip hop	Viet Nam	vn	South Eastern Asia	Asia
vietnamese pop		Viet Nam	vn	South Eastern Asia	Asia
southeast asian post-rock				South Eastern Asia	Asia
bhangra	dance	India	in	Southern Asia	Asia
carnatic		India	in	Southern Asia	Asia
classic bollywood		India	in	Southern Asia	Asia
deep indian pop		India	in	Southern Asia	Asia
desi hip hop	hip hop	India	in	Southern Asia	Asia
desi pop	pop	India	in	Southern Asia	Asia
hindi hip hop		India	in	Southern Asia	Asia
indian classical		India	in	Southern Asia	Asia
indian edm	dance	India	in	Southern Asia	Asia
indian electronic		India	in	Southern Asia	Asia
indian folk	traditional	India	in	Southern Asia	Asia
indian indie	indie	India	in	Southern Asia	Asia
indian rock	rock	India	in	Southern Asia	Asia
modern bollywood		India	in	Southern Asia	Asia
punjabi pop		India	in	Southern Asia	Asia
tamil hip hop		India	in	Southern Asia	Asia
tamil pop		India	in	Southern Asia	Asia
telugu worship		India	in	Southern Asia	Asia
tollywood	dance	India	in	Southern Asia	Asia
classic pakistani pop	pop	Pakistan	pk	Southern Asia	Asia
pakistani folk		Pakistan	pk	Southern Asia	Asia
pakistani pop		Pakistan	pk	Southern Asia	Asia
bahamian pop		Bahamas	bs	Central America	America
barbadian pop		Barbados	bb	Central America	America
bolero cubano		Cuba	cu	Central America	America
cuban alternative		Cuba	cu	Central America	America
cuban rumba		Cuba	cu	Central America	America
cubaton		Cuba	cu	Central America	America
guaracha		Cuba	cu	Central America	America
jazz cubano		Cuba	cu	Central America	America
salsa cubana		Cuba	cu	Central America	America
trova		Cuba	cu	Central America	America
bachata		Dominican Republic	do	Central America	America
dominican pop		Dominican Republic	do	Central America	America
rap dominicano		Dominican Republic	do	Central America	America
musique guadeloupe		Guadeloupe	gp	Central America	America
guatemalan pop		Guatemala	gt	Central America	America
haitian gospel		Haiti	ht	Central America	America
twoubadou		Haiti	ht	Central America	America
dembow		Jamaica	jm	Central America	America
banda		Mexico	mx	Central America	America
cancion infantil mexicana		Mexico	mx	Central America	America
cdmx indie		Mexico	mx	Central America	America
chicano rap		Mexico	mx	Central America	America
chihuahua indie		Mexico	mx	Central America	America
corrido		Mexico	mx	Central America	America
guadalajara indie		Mexico	mx	Central America	America
mariachi		Mexico	mx	Central America	America
merida indie		Mexico	mx	Central America	America
mexican classic rock		Mexico	mx	Central America	America
mexican edm		Mexico	mx	Central America	America
mexican electronic		Mexico	mx	Central America	America
mexican hip hop		Mexico	mx	Central America	America
mexican indie		Mexico	mx	Central America	America
mexican pop		Mexico	mx	Central America	America
mexican rock		Mexico	mx	Central America	America
mexican son		Mexico	mx	Central America	America
mexican tech house		Mexico	mx	Central America	America
norteno		Mexico	mx	Central America	America
ranchera		Mexico	mx	Central America	America
regional mexican		Mexico	mx	Central America	America
regional mexican pop		Mexico	mx	Central America	America
ska mexicano		Mexico	mx	Central America	America
trap mexicano		Mexico	mx	Central America	America
veracruz indie		Mexico	mx	Central America	America
panamanian pop		Panama	pa	Central America	America
perreo		Puerto Rico	pr	Central America	America
puerto rican indie		Puerto Rico	pr	Central America	America
puerto rican pop		Puerto Rico	pr	Central America	America
salsa puertorriquena		Puerto Rico	pr	Central America	America
soca		Trinidad and Tobago	tt	Central America	America
virgin islands reggae		Virgin Islands (U.S.)	vi	Central America	America
alberta country	traditional	Canada	ca	Northern America	America
canadian contemporary country		Canada	ca	Northern America	America
canadian contemporary r&b		Canada	ca	Northern America	America
canadian country		Canada	ca	Northern America	America
canadian electronic		Canada	ca	Northern America	America
canadian electropop		Canada	ca	Northern America	America
canadian folk		Canada	ca	Northern America	America
canadian hip hop		Canada	ca	Northern America	America
canadian house		Canada	ca	Northern America	America
canadian indie		Canada	ca	Northern America	America
canadian indigenous		Canada	ca	Northern America	America
canadian latin		Canada	ca	Northern America	America
canadian metal		Canada	ca	Northern America	America
canadian pop		Canada	ca	Northern America	America
canadian rock		Canada	ca	Northern America	America
canadian singer-songwriter		Canada	ca	Northern America	America
canadian soundtrack		Canada	ca	Northern America	America
classic canadian rock		Canada	ca	Northern America	America
country quebecois		Canada	ca	Northern America	America
edmonton indie		Canada	ca	Northern America	America
hip hop quebecois		Canada	ca	Northern America	America
indie quebecois		Canada	ca	Northern America	America
kingston on indie		Canada	ca	Northern America	America
montreal indie		Canada	ca	Northern America	America
pop quebecois		Canada	ca	Northern America	America
quebec indie		Canada	ca	Northern America	America
saskatchewan indie		Canada	ca	Northern America	America
toronto indie		Canada	ca	Northern America	America
toronto rap		Canada	ca	Northern America	America
vancouver indie		Canada	ca	Northern America	America
vancouver punk		Canada	ca	Northern America	America
victoria bc indie		Canada	ca	Northern America	America
alabama indie	indie	United States of America	us	Northern America	America
alabama rap	hip hop	United States of America	us	Northern America	America
albany ny indie	indie	United States of America	us	Northern America	America
albuquerque indie	indie	United States of America	us	Northern America	America
alternative americana	indie	United States of America	us	Northern America	America
american folk revival		United States of America	us	Northern America	America
arkansas country	traditional	United States of America	us	Northern America	America
asbury park indie	indie	United States of America	us	Northern America	America
atl hip hop	hip hop	United States of America	us	Northern America	America
atl trap	dance	United States of America	us	Northern America	America
atlanta indie	indie	United States of America	us	Northern America	America
austin americana	traditional	United States of America	us	Northern America	America
austin hip hop	hip hop	United States of America	us	Northern America	America
austindie	indie	United States of America	us	Northern America	America
baltimore hip hop		United States of America	us	Northern America	America
baltimore indie		United States of America	us	Northern America	America
baton rouge rap		United States of America	us	Northern America	America
bay area indie		United States of America	us	Northern America	America
boston hip hop		United States of America	us	Northern America	America
boston indie		United States of America	us	Northern America	America
boston punk		United States of America	us	Northern America	America
boston rock		United States of America	us	Northern America	America
bronx hip hop		United States of America	us	Northern America	America
brooklyn indie		United States of America	us	Northern America	America
cali rap		United States of America	us	Northern America	America
charlotte nc indie		United States of America	us	Northern America	America
charlottesville indie		United States of America	us	Northern America	America
chattanooga indie		United States of America	us	Northern America	America
chicago blues		United States of America	us	Northern America	America
chicago drill		United States of America	us	Northern America	America
chicago hardcore		United States of America	us	Northern America	America
chicago house		United States of America	us	Northern America	America
chicago indie		United States of America	us	Northern America	America
chicago punk		United States of America	us	Northern America	America
chicago rap		United States of America	us	Northern America	America
cincinnati indie		United States of America	us	Northern America	America
columbus ohio indie		United States of America	us	Northern America	America
deep new americana		United States of America	us	Northern America	America
denton tx indie		United States of America	us	Northern America	America
detroit hip hop		United States of America	us	Northern America	America
detroit indie		United States of America	us	Northern America	America
detroit trap		United States of America	us	Northern America	America
dirty south rap		United States of America	us	Northern America	America
east coast hip hop		United States of America	us	Northern America	America
eau claire indie		United States of America	us	Northern America	America
el paso indie		United States of America	us	Northern America	America
florida rap		United States of America	us	Northern America	America
hawaiian hip hop		United States of America	us	Northern America	America
hollywood		United States of America	us	Northern America	America
houston rap		United States of America	us	Northern America	America
jacksonville indie		United States of America	us	Northern America	America
jawaiian		United States of America	us	Northern America	America
jersey club		United States of America	us	Northern America	America
kc indie		United States of America	us	Northern America	America
kentucky indie		United States of America	us	Northern America	America
la indie		United States of America	us	Northern America	America
la pop		United States of America	us	Northern America	America
louisville indie		United States of America	us	Northern America	America
maine indie		United States of America	us	Northern America	America
memphis hip hop		United States of America	us	Northern America	America
memphis soul		United States of America	us	Northern America	America
miami hip hop		United States of America	us	Northern America	America
miami indie		United States of America	us	Northern America	America
milwaukee indie		United States of America	us	Northern America	America
minneapolis indie		United States of America	us	Northern America	America
minneapolis punk		United States of America	us	Northern America	America
minneapolis sound		United States of America	us	Northern America	America
minnesota hip hop		United States of America	us	Northern America	America
motown		United States of America	us	Northern America	America
nashville americana		United States of America	us	Northern America	America
nashville indie		United States of America	us	Northern America	America
nashville singer-songwriter		United States of America	us	Northern America	America
nashville sound		United States of America	us	Northern America	America
native american		United States of America	us	Northern America	America
new jersey hardcore		United States of America	us	Northern America	America
new jersey indie		United States of America	us	Northern America	America
new jersey punk		United States of America	us	Northern America	America
new jersey rap		United States of America	us	Northern America	America
new orleans funk		United States of America	us	Northern America	America
new orleans jazz		United States of America	us	Northern America	America
new orleans rap		United States of America	us	Northern America	America
new weird america		United States of America	us	Northern America	America
north carolina indie		United States of America	us	Northern America	America
nyc pop		United States of America	us	Northern America	America
nyc rap		United States of America	us	Northern America	America
nyhc		United States of America	us	Northern America	America
philly indie		United States of America	us	Northern America	America
philly rap		United States of America	us	Northern America	America
philly soul		United States of America	us	Northern America	America
portland hip hop		United States of America	us	Northern America	America
portland indie		United States of America	us	Northern America	America
rhode island indie		United States of America	us	Northern America	America
rochester mn indie		United States of America	us	Northern America	America
rochester ny indie		United States of America	us	Northern America	America
roots americana		United States of America	us	Northern America	America
sacramento indie		United States of America	us	Northern America	America
san diego indie		United States of America	us	Northern America	America
san diego rap		United States of America	us	Northern America	America
seattle indie		United States of America	us	Northern America	America
tampa indie		United States of America	us	Northern America	America
texas blues		United States of America	us	Northern America	America
texas country		United States of America	us	Northern America	America
texas pop punk		United States of America	us	Northern America	America
utah indie		United States of America	us	Northern America	America
vegas indie		United States of America	us	Northern America	America
vermont indie		United States of America	us	Northern America	America
washington indie		United States of America	us	Northern America	America
west coast rap		United States of America	us	Northern America	America
west coast trap		United States of America	us	Northern America	America
wu fam		United States of America	us	Northern America	America
argentine alternative rock		Argentina	ar	Southern America	America
argentine hip hop	hip hop	Argentina	ar	Southern America	America
argentine indie	indie	Argentina	ar	Southern America	America
argentine rock	rock	Argentina	ar	Southern America	America
argentine telepop	pop	Argentina	ar	Southern America	America
pop argentino		Argentina	ar	Southern America	America
post-punk argentina		Argentina	ar	Southern America	America
r&b argentino		Argentina	ar	Southern America	America
ska argentino		Argentina	ar	Southern America	America
trap argentino		Argentina	ar	Southern America	America
afrobeat brasileiro	dance	Brazil	br	Southern America	America
afrofuturismo brasileiro	electronic	Brazil	br	Southern America	America
axe		Brazil	br	Southern America	America
baile pop		Brazil	br	Southern America	America
belo horizonte indie		Brazil	br	Southern America	America
bossa nova		Brazil	br	Southern America	America
bossa nova cover		Brazil	br	Southern America	America
brasilia hip hop		Brazil	br	Southern America	America
brazilian boogie		Brazil	br	Southern America	America
brazilian ccm		Brazil	br	Southern America	America
brazilian edm		Brazil	br	Southern America	America
brazilian gospel		Brazil	br	Southern America	America
brazilian hip hop		Brazil	br	Southern America	America
brazilian house		Brazil	br	Southern America	America
brazilian indie		Brazil	br	Southern America	America
brazilian jazz		Brazil	br	Southern America	America
brazilian metal		Brazil	br	Southern America	America
brazilian percussion		Brazil	br	Southern America	America
brazilian power metal		Brazil	br	Southern America	America
brazilian progressive metal		Brazil	br	Southern America	America
brazilian reggae		Brazil	br	Southern America	America
brazilian rock		Brazil	br	Southern America	America
brega funk		Brazil	br	Southern America	America
brega romantico		Brazil	br	Southern America	America
deep brazilian pop		Brazil	br	Southern America	America
disney portugues brasil		Brazil	br	Southern America	America
folk brasileiro		Brazil	br	Southern America	America
forro		Brazil	br	Southern America	America
funk carioca		Brazil	br	Southern America	America
grime brasileiro		Brazil	br	Southern America	America
indie curitibano		Brazil	br	Southern America	America
mangue bit		Brazil	br	Southern America	America
mpb		Brazil	br	Southern America	America
nova mpb		Brazil	br	Southern America	America
novos talentos brasileiros		Brazil	br	Southern America	America
pagode baiano		Brazil	br	Southern America	America
r&b brasileiro		Brazil	br	Southern America	America
rap baiano		Brazil	br	Southern America	America
rock gospel brasileiro		Brazil	br	Southern America	America
rock nacional brasileiro		Brazil	br	Southern America	America
salsa		Brazil	br	Southern America	America
salsa choke		Brazil	br	Southern America	America
samba		Brazil	br	Southern America	America
samba de roda		Brazil	br	Southern America	America
samba reggae		Brazil	br	Southern America	America
sertanejo		Brazil	br	Southern America	America
sertanejo pop		Brazil	br	Southern America	America
sertanejo universitario		Brazil	br	Southern America	America
trap brasileiro		Brazil	br	Southern America	America
chilean hardcore		Chile	cl	Southern America	America
chilean indie		Chile	cl	Southern America	America
pop chileno		Chile	cl	Southern America	America
rap chileno		Chile	cl	Southern America	America
reggaeton chileno		Chile	cl	Southern America	America
trap chileno		Chile	cl	Southern America	America
colombian hip hop		Colombia	co	Southern America	America
colombian indie		Colombia	co	Southern America	America
colombian pop		Colombia	co	Southern America	America
cumbia		Colombia	co	Southern America	America
cumbia pop		Colombia	co	Southern America	America
cumbia villera		Colombia	co	Southern America	America
nu-cumbia		Colombia	co	Southern America	America
ecuadorian indie		Ecuador	ec	Southern America	America
ecuadorian pop		Ecuador	ec	Southern America	America
pop paraguayo		Paraguay	py	Southern America	America
peruvian hip hop		Peru	pe	Southern America	America
pop peruano		Peru	pe	Southern America	America
salsa peruana		Peru	pe	Southern America	America
cumbia uruguaya		Uruguay	uy	Southern America	America
uruguayan indie		Uruguay	uy	Southern America	America
venezuelan hip hop		Venezuela (Bolivarian Republic of)	ve	Southern America	America
venezuelan indie		Venezuela (Bolivarian Republic of)	ve	Southern America	America
chicha				Southern America	America
deep latin alternative				Southern America	America
african gospel					Africa
naija worship		Nigeria	ng	Central Africa	Africa
nigerian hip hop		Nigeria	ng	Central Africa	Africa
nigerian pop		Nigeria	ng	Central Africa	Africa
zim urban groove		Nigeria	ng	Central Africa	Africa
zimdancehall		Nigeria	ng	Central Africa	Africa
ugandan pop		Uganda	ug	Central Africa	Africa
sudanese pop		Sudan	sd	Eastern Africa	Africa
reunion pop		Reunion	re	Indian Ocean	Africa
deep rai		Algeria	dz	Northern Africa	Africa
rai		Algeria	dz	Northern Africa	Africa
rap algerien		Algeria	dz	Northern Africa	Africa
egyptian pop		Egypt	eg	Northern Africa	Africa
gnawa		Morocco	ma	Northern Africa	Africa
moroccan pop		Morocco	ma	Northern Africa	Africa
rap tunisien		Tunisia	tn	Northern Africa	Africa
semba		Angola	ao	Southern Africa	Africa
sega mauricien		Mauritius	mu	Southern Africa	Africa
afrikaans		South Africa	za	Southern Africa	Africa
afrikaans folk	traditional	South Africa	za	Southern Africa	Africa
amapiano	electronic	South Africa	za	Southern Africa	Africa
cape town indie		South Africa	za	Southern Africa	Africa
kwaito		South Africa	za	Southern Africa	Africa
kwaito house		South Africa	za	Southern Africa	Africa
south african alternative		South Africa	za	Southern Africa	Africa
south african choral		South Africa	za	Southern Africa	Africa
south african country		South Africa	za	Southern Africa	Africa
south african electronic		South Africa	za	Southern Africa	Africa
south african gospel		South Africa	za	Southern Africa	Africa
south african hip hop		South Africa	za	Southern Africa	Africa
south african jazz		South Africa	za	Southern Africa	Africa
south african pop		South Africa	za	Southern Africa	Africa
south african rock		South Africa	za	Southern Africa	Africa
zambian hip hop		Zambia	zm	Southern Africa	Africa
mbira		Zimbabwe	zw	Southern Africa	Africa
sungura		Zimbabwe	zw	Southern Africa	Africa
cape verdean folk		Cabo Verde	cv	Western Africa	Africa
morna		Cabo Verde	cv	Western Africa	Africa
rap ivoire		Cte d'Ivoire	ci	Western Africa	Africa
azonto		Ghana	gh	Western Africa	Africa
azontobeats		Ghana	gh	Western Africa	Africa
ghanaian hip hop		Ghana	gh	Western Africa	Africa
ghanaian pop		Ghana	gh	Western Africa	Africa
malian blues		Mali	ml	Western Africa	Africa
mande pop		Mali	ml	Western Africa	Africa
desert blues				Western Africa	Africa
musique mandingue				Western Africa	Africa
african electronic	electronic				Africa
african experimental	electronic				Africa
african rock	rock				Africa
afro dancehall	dance				Africa
afro house	electronic				Africa
afropop	pop				Africa
wassoulou					Africa
21st century classical	classic				
432hz					
a cappella	traditional				
abstract beats	electronic				
abstract hip hop	hip hop				
accordion	traditional				
acid house	electronic				
acid techno					
acid trance	electronic				
acoustic chill	electronic				
acoustic pop	pop				
adoracao	classic				
adoracion	classic				
adult standards	pop				
afrobeat	dance				
afrofuturism	electronic				
album rock	rock				
alt-idol	pop				
alternative ccm	indie				
alternative country	traditional				
alternative dance	dance				
alternative emo	indie				
alternative hip hop	hip hop				
alternative metal	metal				
alternative pop					
alternative pop rock	rock				
alternative r&b	r&b				
alternative rock	rock				
alternative roots rock	rock				
ambeat	electronic				
ambient	electronic				
ambient folk	traditional				
ambient idm	electronic				
ambient pop					
ambient techno	electronic				
ambient worship	electronic				
american 21st century classical	classic				
american contemporary classical	classic				
american modern classical	classic				
anime	pop				
anime latino	pop				
anime rock	rock				
anime score	pop				
ann arbor indie					
anthem					
anthem emo	rock				
anthem worship	traditional				
anti-folk	traditional				
antiviral pop	pop				
art pop	pop				
art punk	rock				
art rock	rock				
atmosphere					
atmospheric dnb					
avant-garde					
avant-garde jazz					
avant-garde metal					
background music					
bagpipe					
balkan hip hop					
balkan trap					
baltic folk					
banda carnavalera					
bandoneon					
bangla					
banjo					
barbershop					
barnmusik					
barnsagor					
baroque					
baroque pop					
bass music					
bass trap					
basshall					
bassline					
batida					
battle rap					
bboy					
bc underground hip hop					
bebop					
bedroom pop					
bedroom soul					
belly dance					
big band					
big beat					
big room					
bitpop					
black comedy					
black metal					
black thrash					
bleep techno					
bluegrass					
blues					
blues rock					
bmore					
boeremusiek					
bolero					
bongo flava					
boom bap					
bounce					
bouncy house					
bow pop					
boy band					
brass band					
breakbeat					
breakcore					
brega					
brill building pop					
broadway					
broken beat					
brostep					
bubble trance					
bubblegum dance					
bubblegum pop					
cabaret					
calming instrumental					
cancion melodica					
candombe					
candy pop					
cantautor					
cantautor catala					
cante flamenco					
carnaval					
carnaval cadiz					
cartoon					
catalan folk					
catstep					
ccm					
cedm					
cello					
celtic					
chalga					
chamber orchestra					
chamber pop					
chamber psych					
champeta					
channel pop					
charred death					
children's music					
chill beats					
chill guitar					
chillhop					
chillstep					
chillwave					
chiptune					
choral					
christelijk					
christian alternative rock					
christian dance					
christian hip hop					
christian indie					
christian metal					
christian music					
christian pop					
christian relaxative					
christian trap					
christian uplift					
christlicher rap					
christmas instrumental					
circuit					
classic country pop					
classic garage rock					
classic girl group					
classic praise					
classic rock					
classic soul					
classic soundtrack					
classical	classic				
classical accordion	classic				
classical cello	classic				
classical era	classic				
classical mandolin	classic				
classical organ					
classical performance	classic				
classical piano	classic				
classical soprano	classic				
classical tenor	classic				
classical trumpet	classic				
classify					
comedia					
comedienne					
comedy					
comedy rap					
comedy rock					
comic					
comic metal					
complextro					
compositional ambient					
conscious hip hop					
contemporary classical					
contemporary country					
contemporary jazz					
contemporary post-bop					
contemporary vocal jazz					
cool jazz					
cornetas y tambores					
cosmic post-rock					
country					
country dawn					
country pop					
country rap					
country road					
country rock					
coupe decale					
coverchill					
crunk					
cumbia sonidera					
cyberpunk					
dakke dak					
dance pop					
dance rock					
dance-punk					
dancehall					
dansband					
danseband					
dansktop					
danspunk					
dark black metal					
dark cabaret					
dark disco					
dark jazz					
dark techno					
dark trap					
dark wave					
death metal					
deathcore					
deathstep					
deep adult standards					
deep big room					
deep ccm					
deep dance pop					
deep deep house					
deep disco					
deep disco house					
deep euro house					
deep filthstep					
deep flow					
deep funk					
deep funk ostentacao					
deep groove house					
deep house					
deep indie singer-songwriter					
deep latin christian					
deep liquid bass					
deep minimal techno					
deep neofolk					
deep pop edm					
deep pop r&b					
deep progressive house					
deep progressive trance					
deep r&b					
deep soul house					
deep soundtrack					
deep southern trap					
deep talent show					
deep tech house					
deep techno					
deep tropical house					
deep underground hip hop					
deep uplifting trance					
deep vocal house					
demoscene					
destroy techno					
dfw rap					
dinner jazz					
disco					
disco house					
disco polo					
disney					
disney espanol					
diva house					
dixieland					
diy emo					
djent					
dmv rap					
doo-wop					
doom metal					
downtempo					
dream pop					
dream trance					
dreamo					
drift					
drill					
drill and bass					
drone					
drone metal					
drum and bass					
drumfunk					
dub					
dub techno					
dubstep					
duranguense					
dusseldorf electronic					
early modern classical					
early music					
early romantic era					
easy listening					
easycore					
ecm-style jazz					
ectofolk					
edm					
electra					
electric bass					
electric blues					
electro					
electro bailando					
electro house					
electro jazz					
electro latino					
electro swing					
electroclash					
electronic djent					
electronic rock					
electronic trap					
electronica					
electronicore					
electropop					
electropowerpop					
emo					
emo punk					
emo rap					
entehno					
epicore					
escape room					
esperanto					
ethereal wave					
etherpop					
ethnotronica					
euphoric hardstyle					
euskal rock					
experimental					
experimental electronic					
experimental hip hop					
experimental house					
experimental jazz					
experimental pop					
experimental rock					
experimental vocal					
fidget house					
filmi					
filter house					
filthstep					
fingerstyle					
flamenco					
flamenco guitar					
float house					
fluxwork					
focus					
focus trance					
folk					
folk metal					
folk punk					
folk rock					
folk-pop					
folkmusik					
folktronica					
football					
fort worth indie					
fourth world					
francoton					
freak folk					
freakbeat					
free improvisation					
free jazz					
full on					
funk					
funk bh					
funk das antigas					
funk evangelico					
funk melody					
funk metal					
funk ostentacao					
funk rock					
funky tech house					
future funk					
future garage					
future house					
future rock					
g funk					
gabba					
galego					
galician rock					
gamecore					
gaming edm					
gangster rap					
garage psych					
garage rock					
gauze pop					
geek rock					
gengetone					
ghazal					
girl group					
glam metal					
glam punk					
glam rock					
glitch					
glitch hop					
glitch pop					
goralski					
gospel					
gospel r&b					
gospel singers					
gothic metal					
gothic rock					
gothic symphonic metal					
gqom					
grave wave					
grime					
groove metal					
groove room					
grunge					
grupera					
gruperas inmortales					
gulf hip hop					
halloween					
hands up					
happy hardcore					
hard bass					
hard bop					
hard rock					
hard techno					
hardcore					
hardcore hip hop					
hardcore punk					
hardcore techno					
hardstyle					
harlem hip hop					
heartland rock					
heavy alternative					
hi-nrg					
hip hop					
hip house					
hip pop					
hmong pop					
honky tonk					
hopebeat					
horror punk					
horror synth					
house					
huapango					
hyperpop					
hyphy					
idol					
idol rock					
indie anthem-folk					
indie cafe pop					
indie catala					
indie cordoba					
indie electronica					
indie electropop					
indie extremena					
indie folk					
indie garage rock					
indie jazz					
indie pop					
indie pop rap					
indie pop rock					
indie poptimism					
indie psych-pop					
indie punk					
indie r&b					
indie rock					
indie rockism					
indie salvadoreno					
indie singer-songwriter					
indie soul					
indie surf					
indiecoustica					
indietronica					
industrial					
industrial hip hop					
industrial metal					
industrial rock					
instrumental bluegrass					
instrumental funk					
instrumental grime					
instrumental math rock					
instrumental post-rock					
instrumental rock					
instrumental surf					
intelligent dance music					
italian disco					
jam band					
jamtronica					
jangle pop					
jazz					
jazz accordion					
jazz blues					
jazz boom bap					
jazz double bass					
jazz drums					
jazz funk					
jazz fusion					
jazz guitar					
jazz organ					
jazz piano					
jazz quartet					
jazz rap					
jazz saxophone					
jazz trio					
jazz trumpet					
jazz vibraphone					
jazz violin					
jazztronica					
jewish hip hop					
jewish pop					
jump blues					
jump up					
jumpstyle					
jumptek					
jungle					
kaneka					
karaoke					
kawaii edm					
kawaii future bass					
keroncong					
komedi					
kurdish pop					
laboratorio					
lancashire indie					
late romantic era					
latin					
latin afrobeat					
latin alternative					
latin arena pop					
latin christian					
latin funk					
latin hip hop					
latin jazz					
latin metal					
latin pop					
latin rock					
latin ska					
latin talent show					
latin viral pop					
latin worship					
latino comedy					
latintronica					
lds youth					
lexington ky indie					
lgbtq+ hip hop					
lilith					
liquid funk					
livetronica					
lo star					
lo-fi					
lo-fi beats					
lo-fi chill					
lounge					
lowercase					
lullaby					
malayalam hip hop					
mambo					
mandolin					
manele					
mantra					
marathi pop					
marcha funebre					
mashup					
maskandi					
math rock					
mathcore					
meditation					
melancholia					
mellow gold					
melodic death metal					
melodic deathcore					
melodic dubstep					
melodic hard rock					
melodic hardcore					
melodic metal					
melodic metalcore					
melodic rap					
melodipop					
meme rap					
merseybeat					
messianic praise					
mestissatge					
metal					
metalcore					
metropopolis					
microhouse					
microtonal					
middle earth					
midwest emo					
minimal dub					
minimal tech house					
minimal techno					
minimal wave					
minimalism					
modern alternative rock					
modern big band					
modern blues					
modern blues rock					
modern country rock					
modern dream pop					
modern folk rock					
modern funk					
modern hard rock					
modern jazz piano					
modern performance					
modern power pop					
modern reggae					
modern rock					
modern salsa					
modern samba					
modern southern rock					
modern uplift					
mollywood					
monterrey indie					
moombahton					
movie tunes					
munich electronic					
munich indie					
musica canaria					
musica etnica					
musica para ninos					
musica per bambini					
musica popular paraense					
musica sarda					
musical advocacy					
muzika l'yeladim					
nasheed					
nasyid					
nc hip hop					
nederpop					
neo classical metal					
neo mellow					
neo metal					
neo r&b					
neo soul					
neo-classical					
neo-psychedelic					
neo-singer-songwriter					
neo-synthpop					
neo-trad metal					
neoclassical					
neon pop punk					
neurofunk					
new age					
new americana					
new england americana					
new jack swing					
new rave					
new romantic					
new wave					
new wave pop					
nightrun					
ninja					
no wave					
noise pop					
noise rock					
north east england indie					
northern soul					
nottingham indie					
novelty					
nu disco					
nu gaze					
nu jazz					
nu metal					
nu-metalcore					
nueva cancion					
nursery					
oakland indie					
oi					
okc indie					
oklahoma country					
oktoberfest					
old school dancehall					
old school hip hop					
old school thrash					
one-person band					
ontario indie					
opera					
operatic pop					
opm					
oratory					
orchestra					
orchestral performance					
organic electronic					
oriental metal					
orlando indie					
orquestas de galicia					
oshare kei					
otacore					
ottawa indie					
ottawa rap					
outlaw country					
outsider					
outsider house					
oxford indie					
p funk					
pagan black metal					
pagode					
palm desert scene					
papuri					
parody					
partyschlager					
pennsylvania hardcore					
permanent wave					
pernambuco alternative					
persian pop					
perth indie					
phonk					
piano blues					
piano cover					
piano rock					
pittsburgh indie					
pittsburgh rap					
pixie					
poetry					
poezja spiewana					
pony					
pop					
pop catracho					
pop edm					
pop emo					
pop flamenco					
pop folk					
pop house					
pop minang					
pop nacional					
pop punk					
pop rap					
pop reggaeton					
pop rock					
pop romantico					
pop urbaine					
popping					
popwave					
portsmouth indie					
post-disco					
post-grunge					
post-hardcore					
post-metal					
post-minimalism					
post-post-hardcore					
post-punk					
post-rock					
post-romantic era					
post-screamo					
post-teen pop					
power metal					
power pop					
praise					
prepared piano					
progressive bluegrass					
progressive deathcore					
progressive electro house					
progressive house					
progressive jazz fusion					
progressive metal					
progressive metalcore					
progressive post-hardcore					
progressive power metal					
progressive psytrance					
progressive rock					
progressive sludge					
progressive trance					
progressive trance house					
progressive uplifting trance					
protopunk					
psychedelic doom					
psychedelic pop					
psychedelic rock					
psychedelic trance					
psychill					
pub rock					
puglia indie					
punk					
punk blues					
punk catala					
qawwali					
queens hip hop					
queercore					
quiet storm					
r&b					
rabindra sangeet					
ragga jungle					
rajasthani pop					
rap					
rap antillais					
rap calme					
rap catalan					
rap conciencia					
rap conscient					
rap cristao					
rap cristiano					
rap feminino nacional					
rap kreyol					
rap latina					
rap metal					
rap montrealais					
rap napoletano					
rap rock					
rap sardegna					
rave					
raw techno					
rawstyle					
reading indie					
rebel blues					
red dirt					
redneck					
reggae					
reggae catala					
reggae en espanol					
reggae fusion					
reggae rock					
reggaeton					
reggaeton flow					
retro soul					
rhythm and blues					
riddim					
rif					
ritmo kombina					
rock					
rock catala					
rock chapin					
rock drums					
rock gaucho					
rock kapak					
rock nacional					
rock-and-roll					
rockabilly					
roots reggae					
roots rock					
roots worship					
rumba					
rumba catalana					
russelater					
rva indie					
samba-enredo					
samba-rock					
sandalwood					
scorecore					
scratch					
scream rap					
screamo					
sefardi					
sheffield indie					
shimmer pop					
shimmer psych					
shiver pop					
shoegaze					
sholawat					
show tunes					
singer-songwriter					
ska					
ska revival					
skate punk					
sky room					
slam poetry					
slayer					
sleep					
slow core					
slow game					
sludge metal					
small room					
smooth jazz					
socal pop punk					
social media pop					
soft rock					
solipsynthm					
son cubano					
soukous					
soul					
soul blues					
soul flow					
soul jazz					
sound art					
sound team					
soundtrack					
southern hip hop					
southern rock					
southern soul					
space rock					
speed metal					
spiritual jazz					
springfield mo indie					
stockholm indie					
stomp and flutter					
stomp and holler					
stomp pop					
stoner metal					
stoner rock					
straight edge					
straight-ahead jazz					
stride					
string quartet					
strut					
sung poetry					
sunshine pop					
supergroup					
surf music					
swancore					
swing					
symphonic black metal					
symphonic metal					
symphonic power metal					
symphonic rock					
synth funk					
synthpop					
talent show					
tech house					
techno					
tecnobrega					
teen pop					
thrash metal					
tico					
timba					
tipico					
torch song					
traditional blues					
traditional country					
traditional folk					
traditional funk					
trance					
trancecore					
transpop					
trap					
trap latino					
trap pesado					
trap queen					
trap soul					
traprun					
tribal house					
trip hop					
tropical					
tropical house					
turbo folk					
turntablism					
twee pop					
tzadik					
umbanda					
underground hip hop					
underground power pop					
uplifting trance					
urban contemporary					
uwielbienie					
vallenato					
vapor house					
vapor pop					
vapor soul					
vapor trap					
vapor twitch					
vegan straight edge					
video game music					
vienna indie					
viking folk					
violao					
violin					
viral pop					
viral trap					
vispop					
vocal harmony group					
vocal house					
vocal jazz					
vocal trance					
vocaloid					
vogue					
volksmusik					
volkspop					
waiata maori					
warm drone					
wave					
west end					
witch house					
wonky					
world					
world chill					
world fusion					
world worship					
worship					
wrestling					
xhosa					
yacht rock					
ye ye					
zapstep					
zikir					
zolo					
zouglou					
zouk riddim					
